순번,기준일,매체,제목,발행일,URL,상태,비고
1,2026-10-07,"시민일보","동작구, 류삼영 구청장 100번째 출근지 선정 이벤트",2026-10-07,https://www.siminilbo.co.kr/news/newsview.php?ncode=1160288335826860,제외-키워드 불일치,"본문에 '아름다운가게' 없음('아름다운 동행가게' 표기)"
2,2026-10-07,"울산매일신문","[뉴스프리즘] 14억 들인 울산 병영 한글거리…관리 소홀에 정체성 흐릿",2026-10-07,https://www.iusm.co.kr/news/articleView.html?idxno=1068888,제외-키워드 불일치,"본문에 '아름다운가게' 없음('아름다운 한글길' 표기)"
3,2026-10-07,"대전시티저널","대전 서구, 아트페스티벌과 함께하는'자원순환의 날 행사'개최",2026-10-07,http://www.gocj.net/news/articleView.html?idxno=153102,원문 확인,""
4,2026-10-07,"뉴스핌","영덕 'Stay Night 장사리 나이트 캠크닉' 성료...'체류형 관광콘텐츠' 주...",2026-10-07,https://www.newspim.com/news/view/20261007001521,제외-키워드 불일치,"본문에 '아름다운가게' 없음. 발행일은 URL의 날짜로 확인"
5,2026-10-07,"뉴스워커","대전 서구, '자원순환' 체험마당 열어... 주민 참여형 친환경 축제 선사",2026-10-07,https://www.newsworker.co.kr/news/articleView.html?idxno=507529,중복,"대표: 대전시티저널"
6,2026-10-07,"프라임경제","롯데홈쇼핑 임직원이 직접 뛴다…기부 넘어 봉사까지",2026-10-07,http://www.newsprime.co.kr/news/article.html?no=750197,원문 확인,"문단 구분 없는 본문 블록 기준으로 근거 번호 표기"
7,2026-10-07,"경기신문","인천시 연수문화재단 ESG 인식 개선 교육",2026-10-07,https://www.kgnews.co.kr/news/article.html?no=914282,원문 확인,""
8,2026-10-07,"충청매일","대전 서구, 아트페스티벌서 자원순환 체험…'그린 아트마당' 개최",2026-10-07,https://www.ccdn.co.kr/news/articleView.html?idxno=1103644,중복,"대표: 대전시티저널"
9,2026-10-07,"웹이코노미","대전 서구, 아트페스티벌과 함께 '자원순환의 날' 행사 개최",2026-10-07,https://www.webeconomy.co.kr/news/articleView.html?idxno=2326930,중복,"대표: 대전시티저널"
10,2026-10-07,"데일리한국","[대전서구소식] 독감과 동시 유행 대비 코로나19 예방접종 연령별 순차...",2026-10-07,https://daily.hankooki.com/news/articleView.html?idxno=1412710,중복,"대표: 대전시티저널(여러 소식을 묶은 기사에서 같은 행사 언급)"
