press	title	url	snippet
Keep에 바로가기	동작구, 류삼영 구청장 100번째 출근지 선정 이벤트	https://www.siminilbo.co.kr/news/newsview.php?ncode=1160288335826860	시립동작노인종합복지관은 ▲특화사업(환경보호 봉사단 '녹색동행', 아름다운 동행가게 '사랑동행', 선배시민자원봉사단 '시니어리더', 인지활동서비스 '스마일브레인', 인지특화봉사단' 매치') ▲상담사업 ▲교육문화사업 ▲재가노인복지사업 ▲지역복지활성화사업(경로당 관리, 건강여가지원, 생활지원...
Keep에 바로가기	[뉴스프리즘] 14억 들인 울산 병영 한글거리…관리 소홀에 정체성 흐릿	https://www.iusm.co.kr/news/articleView.html?idxno=1068888	일부 가게에는 한글마을임을 강조하듯 영어 발음을 그대로 한글로 적은 간판도 있었지만, 외국어를 그대로 쓴 간판도 만만찮게 많았다. 출입로에서 봤던 '아름다운 한글길'이라 적힌 간판이 이곳에도 있었지만, 그 간판 위로 'OOPC'라는 성인게임방이 있어 의미를 퇴색케 했다. 앞서 울산시와 중구는 외솔 최현배...
Keep에 바로가기	대전 서구, 아트페스티벌과 함께하는'자원순환의 날 행사'개최	http://www.gocj.net/news/articleView.html?idxno=153102	이와 함께 아름다운가게와 연계한 '아름다운 순환마켓'을 운영해 주민·기업 기부 물품 재판매와 기부·나눔 접수도 함께 진행할 예정이다. 전문학 서구청장은 "축제를 찾은 주민들이 자원순환을 어렵게 생각하기보다 직접 보고, 만들고, 체험하며 자연스럽게 실천하는 계기가 되길 바란다"며 "생활 속 작은...
Keep에 바로가기	영덕 'Stay Night 장사리 나이트 캠크닉' 성료...'체류형 관광콘텐츠' 주...	https://www.newspim.com/news/view/20261007001521	해변 쓰레기를 주워오면 해산물 과자로 교환해 주는 '해산물 과자가게'와 자전거 페달을 굴려 솜사탕을 만드는 '친환경 자가 발전 솜사탕 체험'은... 밤이 더 아름다운 영덕만의 야간 관광 브랜드를 강화하고, 지역 소상공인에게 실질적인 도움이 되는 체류·체험형 관광 프로그램을 이어 가겠다"고 말했다.
Keep에 바로가기	대전 서구, '자원순환' 체험마당 열어... 주민 참여형 친환경 축제 선사	https://www.newsworker.co.kr/news/articleView.html?idxno=507529	나아가 민간 나눔 단체인 아름다운가게와 손을 맞잡고 운영되는 아름다운 순환마켓을 통해 지역 주민들과 기업들이 기부한 다양한 물품들을 저렴하게 재판매하고 따뜻한 기부와 나눔을 접수하는 뜻깊은 나눔의 장도 함께 펼쳐진다. 이 같은 프로그램들은 단순한 일회성 관람을 넘어 주민들이 환경 보호와 자원...
Keep에 바로가기	롯데홈쇼핑 임직원이 직접 뛴다…기부 넘어 봉사까지	http://www.newsprime.co.kr/news/article.html?no=750197	아름다운가게 명동점에서 고객 응대와 물품 판매를 맡았다. 판매 수익금은 청년 자립 지원에 활용한다. 보호종료아동 직무교육과 취업역량 강화에도 쓰일 예정이다. 시설 개선에도 임직원이 직접 참여한다. 롯데홈쇼핑은 올해 문화 소외지역 아동을 위한 '작은도서관' 사업 범위를 넓혔다. 새 공간을 만드는...
Keep에 바로가기	인천시 연수문화재단 ESG 인식 개선 교육	https://www.kgnews.co.kr/news/article.html?no=914282	이어 연수문화재단은 지역 내 아름다운가게와 협력해 임직원이 사용하지 않는 의류와 잡화, 도서 등 재사용이 가능한 물품을 기부하는 친환경 실천 캠페인을 진행한다. 캠페인에는 재단 사무국을 비롯해 문화시설 7곳 등 임직원 전체가 참여할 수 있도록 참여 범위를 확대했다. 기부 물품은 아름다운가게를...
Keep에 바로가기	대전 서구, 아트페스티벌서 자원순환 체험…'그린 아트마당' 개최	https://www.ccdn.co.kr/news/articleView.html?idxno=1103644	아름다운가게와 함께 '아름다운 순환마켓'도 운영한다. 주민과 기업이 기부한 물품을 재판매하고 기부·나눔 접수를 진행해 자원순환과 나눔의 의미를 함께 알릴 예정이다. 전문학 서구청장은 "축제를 찾은 주민들이 자원순환을 어렵게 생각하기보다 직접 보고, 만들고, 체험하며 자연스럽게 실천하는 계기가...
Keep에 바로가기	대전 서구, 아트페스티벌과 함께 '자원순환의 날' 행사 개최	https://www.webeconomy.co.kr/news/articleView.html?idxno=2326930	특히 서구 아트페스티벌과 함께 진행하면서 아름다운가게와 함께하는 순환마켓에서기부 물품 재판매를 마련해 눈길을 끈다. 전문학 구청장은 "주민들이 직접 체험하며 자원순환을 실천하는 계기가 되길 바란다"고 이번 행사에 의미를 부여했다.
Keep에 바로가기	[대전서구소식] 독감과 동시 유행 대비 코로나19 예방접종 연령별 순차...	https://daily.hankooki.com/news/articleView.html?idxno=1412710	활용한 업사이클링 공예 체험 △서구 자원순환 정책 체험 △게임을 통해 배우는 올바른 분리배출 △자전거 발전기로 비눗방울을 만드는 친환경 에너지 체험 등이다. 이와 함께 아름다운가게와 연계한 '아름다운 순환마켓'을 운영해 주민·기업 기부 물품 재판매와 기부·나눔 접수도 함께 진행할 예정이다.
