2026-10-08 16:49	2026-10-07	1	시민일보	동작구, 류삼영 구청장 100번째 출근지 선정 이벤트	2026-10-07	https://www.siminilbo.co.kr/news/newsview.php?ncode=1160288335826860	제외-키워드 불일치				본문에 '아름다운가게' 없음('아름다운 동행가게' 표기)
2026-10-08 16:49	2026-10-07	2	울산매일신문	[뉴스프리즘] 14억 들인 울산 병영 한글거리…관리 소홀에 정체성 흐릿	2026-10-07	https://www.iusm.co.kr/news/articleView.html?idxno=1068888	제외-키워드 불일치				본문에 '아름다운가게' 없음('아름다운 한글길' 표기)
2026-10-08 16:49	2026-10-07	3	대전시티저널	대전 서구, 아트페스티벌과 함께하는'자원순환의 날 행사'개최	2026-10-07	http://www.gocj.net/news/articleView.html?idxno=153102	원문 확인	대전 서구가 10월 9일부터 11일까지 ‘제18회 자원순환의 날’ 기념행사를 개최한다.	행사에서는 3개 분야·총 10개의 체험 프로그램이 운영된다.	아름다운가게와 연계한 ‘아름다운 순환마켓’에서 기부 물품 재판매와 기부·나눔 접수를 진행할 예정이다.	같은 내용 보도: 뉴스워커, 충청매일, 웹이코노미, 데일리한국
2026-10-08 16:49	2026-10-07	4	뉴스핌	영덕 'Stay Night 장사리 나이트 캠크닉' 성료...'체류형 관광콘텐츠' 주...	2026-10-07	https://www.newspim.com/news/view/20261007001521	제외-키워드 불일치				본문에 '아름다운가게' 없음. 발행일은 URL의 날짜로 확인
2026-10-08 16:49	2026-10-07	5	뉴스워커	대전 서구, '자원순환' 체험마당 열어... 주민 참여형 친환경 축제 선사	2026-10-07	https://www.newsworker.co.kr/news/articleView.html?idxno=507529	중복				대표: 대전시티저널
2026-10-08 16:49	2026-10-07	6	프라임경제	롯데홈쇼핑 임직원이 직접 뛴다…기부 넘어 봉사까지	2026-10-07	http://www.newsprime.co.kr/news/article.html?no=750197	원문 확인	롯데홈쇼핑이 ESG 경영 슬로건을 바탕으로 임직원 참여형 사회공헌 프로그램을 확대하고 있다.	임직원들이 바자회 현장에서 아름다운가게 명동점의 고객 응대와 물품 판매를 맡았다.	판매 수익금은 청년 자립 지원에 활용된다.	근거 문단 번호는 본문 블록 기준
2026-10-08 16:49	2026-10-07	7	경기신문	인천시 연수문화재단 ESG 인식 개선 교육	2026-10-07	https://www.kgnews.co.kr/news/article.html?no=914282	원문 확인	연수문화재단이 임직원 대상 ESG 경영 인식 개선 교육을 실시하고 오는 23일까지 직원 참여형 친환경 실천 캠페인을 운영한다.	재단은 지역 내 아름다운가게와 협력해 임직원이 쓰지 않는 의류·잡화·도서 등을 기부하는 캠페인을 진행한다.	기부 물품은 아름다운가게를 통해 순환되고 판매 수익금은 소외된 이웃 지원과 환경 보호 나눔 사업에 활용될 예정이다.	
2026-10-08 16:49	2026-10-07	8	충청매일	대전 서구, 아트페스티벌서 자원순환 체험…'그린 아트마당' 개최	2026-10-07	https://www.ccdn.co.kr/news/articleView.html?idxno=1103644	중복				대표: 대전시티저널
2026-10-08 16:49	2026-10-07	9	웹이코노미	대전 서구, 아트페스티벌과 함께 '자원순환의 날' 행사 개최	2026-10-07	https://www.webeconomy.co.kr/news/articleView.html?idxno=2326930	중복				대표: 대전시티저널
2026-10-08 16:49	2026-10-07	10	데일리한국	[대전서구소식] 독감과 동시 유행 대비 코로나19 예방접종 연령별 순차...	2026-10-07	https://daily.hankooki.com/news/articleView.html?idxno=1412710	중복				대표: 대전시티저널(여러 소식을 묶은 기사에서 같은 행사 언급)
